"시점","자치구별(1)",자치구별(2),일반수급자,일반수급자,일반수급자,일반수급자,일반수급자,일반수급자,일반수급자,일반수급자,일반수급자,일반수급자,일반수급자,일반수급자,일반수급자,일반수급자,일반수급자,일반수급자,일반수급자,일반수급자
"시점","자치구별(1)",자치구별(2),소계,0~4세,5~9세,10~14세,15~19세,20~24세,25~29세,30~34세,35~39세,40~44세,45~49세,50~54세,55~59세,60~64세,65~69세,70~74세,75~79세,80세이상
"2012","합계",소계,188017,2817,5117,11478,19560,9447,2994,3205,5857,12033,15917,17461,13789,10434,13881,17596,12943,13488
"2012","합계",종로구,3057,33,67,164,220,99,38,43,91,189,259,278,246,196,307,351,231,245
"2012","합계",중구,3498,23,65,148,268,126,36,40,91,171,287,369,326,233,339,414,281,281
"2012","합계",용산구,4284,63,87,193,268,119,34,69,122,228,333,383,377,315,440,526,379,348
"2012","합계",성동구,5488,71,165,390,642,234,51,88,195,397,455,483,351,279,389,518,406,374
"2012","합계",광진구,4934,64,138,343,567,234,73,80,173,379,422,461,318,229,328,440,334,351
"2012","합계",동대문구,8372,92,188,464,761,338,119,117,254,507,674,775,649,544,801,941,609,539
"2012","합계",중랑구,9452,141,253,585,973,420,126,191,297,643,827,900,682,564,702,864,642,642
"2012","합계",성북구,8890,127,269,567,920,476,130,140,291,579,754,766,641,451,684,850,585,660
"2012","합계",강북구,10253,171,317,705,1152,521,157,179,320,735,902,889,692,554,763,889,650,657
"2012","합계",도봉구,5001,99,185,343,521,207,48,102,186,366,416,378,277,218,352,498,403,402
"2012","합계",노원구,20472,297,515,1182,2170,1263,431,432,643,1321,1706,2102,1620,1203,1310,1669,1221,1387
"2012","합계",은평구,9728,135,295,643,1163,531,108,139,306,629,777,782,653,498,768,908,705,688
"2012","합계",서대문구,4985,195,121,258,465,201,78,54,130,321,375,459,335,264,377,556,407,389
"2012","합계",마포구,6164,110,166,395,662,340,119,84,192,337,496,544,400,339,505,559,439,477
"2012","합계",양천구,6627,142,235,469,717,300,100,141,263,438,576,540,375,286,461,618,489,477
"2012","합계",강서구,17175,198,389,945,1769,1037,382,333,453,1075,1628,1892,1429,955,941,1321,1093,1335
"2012","합계",구로구,5676,87,168,388,613,230,74,80,177,382,474,471,376,282,404,599,457,414
"2012","합계",금천구,7418,131,232,485,819,340,99,105,232,518,679,684,495,392,542,712,514,439
"2012","합계",영등포구,7590,73,200,403,680,251,74,93,216,458,616,686,652,553,666,855,607,507
"2012","합계",동작구,5458,74,153,325,582,247,74,97,171,309,439,479,371,266,418,580,404,469
"2012","합계",관악구,10164,156,282,615,1115,606,174,165,357,691,851,941,697,533,700,922,655,704
"2012","합계",서초구,2818,56,71,139,257,191,60,54,76,164,218,225,241,160,225,257,194,230
"2012","합계",강남구,8504,100,211,452,823,527,220,181,233,408,680,904,786,558,619,710,488,604
"2012","합계",송파구,5873,89,181,444,702,317,108,108,189,398,503,527,394,263,403,481,341,425
"2012","합계",강동구,6136,90,164,433,731,292,81,90,199,390,570,543,406,299,437,558,409,444
"2013","합계",소계,190480,2854,4807,10268,18442,10035,3149,3210,5330,11247,15881,17705,15148,11014,14602,18209,14107,14472
"2013","합계",종로구,2957,27,57,134,195,102,36,37,77,140,243,277,271,192,300,375,243,251
"2013","합계",중구,3373,25,55,121,227,124,34,44,90,148,237,347,320,237,332,410,300,322
"2013","합계",용산구,4359,55,95,187,245,113,43,76,124,213,324,414,387,326,455,516,437,349
"2013","합계",성동구,5553,59,149,340,613,272,69,79,156,366,509,497,393,286,408,515,448,394
"2013","합계",광진구,4942,62,126,294,545,277,76,76,143,350,455,477,349,231,352,411,348,370
"2013","합계",동대문구,8635,105,181,403,726,342,116,116,240,454,704,759,719,579,855,1057,682,597
"2013","합계",중랑구,9105,123,222,480,873,388,113,168,250,555,785,874,755,528,743,864,678,706
"2013","합계",성북구,9519,149,276,548,924,550,140,150,299,579,795,812,754,490,729,919,681,724
"2013","합계",강북구,10826,180,316,654,1156,578,168,196,309,740,935,959,761,606,818,1003,742,705
"2013","합계",도봉구,5491,91,181,337,568,275,57,107,176,371,483,441,305,226,387,549,462,475
"2013","합계",노원구,20567,263,505,1046,1994,1325,479,404,627,1224,1694,2055,1770,1275,1344,1744,1360,1458
"2013","합계",은평구,10131,152,268,597,1118,561,140,140,281,592,795,842,698,551,869,972,782,773
"2013","합계",서대문구,5259,283,111,233,449,235,79,72,121,302,391,462,376,283,408,571,468,415
"2013","합계",마포구,6067,134,138,339,590,352,120,98,140,324,490,524,450,342,499,578,445,504
"2013","합계",양천구,6492,110,227,406,673,284,101,129,232,414,543,538,421,312,471,599,529,503
"2013","합계",강서구,17146,191,349,823,1579,1095,372,314,412,955,1537,1888,1603,1061,1018,1370,1179,1400
"2013","합계",구로구,5565,80,158,338,572,279,73,82,145,356,462,457,418,278,387,550,496,434
"2013","합계",금천구,7607,131,207,438,793,380,105,106,190,504,705,703,571,431,555,757,547,484
"2013","합계",영등포구,7283,54,170,339,601,231,78,101,194,400,592,661,671,557,698,813,600,523
"2013","합계",동작구,5514,73,149,287,540,248,84,103,158,295,408,493,411,272,442,624,432,495
"2013","합계",관악구,10231,131,258,549,1020,628,203,166,307,660,838,984,777,536,775,937,684,778
"2013","합계",서초구,3029,52,81,158,265,197,76,61,79,170,237,260,241,178,247,272,215,240
"2013","합계",강남구,8556,137,198,417,790,549,196,185,217,375,638,865,829,603,663,724,521,649
"2013","합계",송파구,5844,99,163,399,658,314,104,101,173,375,501,536,418,300,384,510,371,438
"2013","합계",강동구,6429,88,167,401,728,336,87,99,190,385,580,580,480,334,463,569,457,485
"2014","합계",소계,194808,3065,4617,9313,17296,10723,3469,3227,5170,10558,15675,18176,16859,12185,15497,18408,15100,15470
"2014","합계",종로구,2971,19,57,116,200,88,30,31,68,150,220,282,276,218,324,366,259,267
"2014","합계",중구,3203,28,38,100,194,113,29,46,65,127,227,310,328,255,323,371,317,332
"2014","합계",용산구,4521,54,80,183,248,124,46,62,124,207,321,428,422,371,483,530,448,390
"2014","합계",성동구,5517,55,120,286,544,300,94,67,144,325,509,494,445,310,415,521,461,427
"2014","합계",광진구,5188,73,125,280,542,306,89,71,146,320,488,503,421,266,377,423,353,405
"2014","합계",동대문구,8812,98,172,355,634,404,110,120,207,443,666,778,800,649,896,1053,777,650
"2014","합계",중랑구,9439,139,235,445,807,448,133,167,256,503,784,915,856,569,808,877,725,772
"2014","합계",성북구,9904,154,288,516,889,598,154,173,275,573,793,878,805,604,742,929,778,755
"2014","합계",강북구,11163,189,303,613,1065,601,181,190,322,694,918,1000,904,677,872,1057,823,754
"2014","합계",도봉구,5828,100,178,342,561,297,75,104,172,374,513,473,388,237,422,556,503,533
"2014","합계",노원구,20671,244,451,946,1848,1321,532,392,604,1124,1668,1995,1947,1384,1448,1794,1418,1555
"2014","합계",은평구,10389,143,280,540,1011,611,154,143,283,586,814,921,761,590,886,1012,844,810
"2014","합계",서대문구,5471,377,106,222,425,253,87,77,121,273,401,482,398,308,443,549,487,462
"2014","합계",마포구,6089,120,138,297,571,359,136,87,149,315,471,568,450,374,484,574,448,548
"2014","합계",양천구,6481,106,208,365,638,288,109,111,221,399,506,554,485,339,473,584,546,549
"2014","합계",강서구,17594,186,313,723,1522,1176,404,314,436,863,1491,1857,1808,1207,1148,1401,1285,1460
"2014","합계",구로구,5748,80,151,299,515,281,81,91,141,332,428,503,461,290,447,591,566,491
"2014","합계",금천구,7421,112,200,385,713,398,101,115,160,442,652,709,643,461,548,728,544,510
"2014","합계",영등포구,6873,46,124,266,496,259,71,89,151,321,544,656,707,556,711,745,581,550
"2014","합계",동작구,5721,74,137,279,525,276,107,109,167,289,409,509,458,312,470,605,466,529
"2014","합계",관악구,10399,131,239,499,966,651,236,169,284,622,849,1023,841,598,809,948,739,795
"2014","합계",서초구,3334,68,99,158,281,224,96,71,89,166,257,288,294,200,255,297,219,272
"2014","합계",강남구,9472,259,225,429,819,672,227,194,231,419,661,885,935,673,770,781,597,695
"2014","합계",송파구,5940,110,176,324,580,343,95,112,170,327,499,562,474,349,439,521,404,455
"2014","합계",강동구,6659,100,174,345,702,332,92,122,184,364,586,603,552,388,504,595,512,504
"2015","합계",소계,246580,3573,9590,18913,32671,12356,4227,3639,5856,11500,17639,19818,19821,15537,17754,19694,16745,17247
"2015","합계",종로구,3540,17,100,219,384,105,45,37,62,137,225,300,318,302,327,402,276,284
"2015","합계",중구,3916,34,109,227,394,114,43,50,76,154,248,301,377,337,359,382,337,374
"2015","합계",용산구,5696,50,181,391,583,178,66,70,131,237,378,483,479,473,523,540,490,443
"2015","합계",성동구,7125,75,272,583,1027,363,111,81,140,326,548,570,585,408,477,574,497,488
"2015","합계",광진구,7332,96,385,745,1280,349,111,93,185,361,571,566,518,365,433,461,379,434
"2015","합계",동대문구,11234,115,455,828,1373,442,156,149,231,478,721,864,959,806,952,1074,886,745
"2015","합계",중랑구,14364,197,806,1541,2407,541,173,206,339,627,1009,999,1083,758,986,1008,804,880
"2015","합계",성북구,12050,165,491,980,1578,632,183,182,295,619,857,918,899,763,835,970,852,831
"2015","합계",강북구,13565,213,437,915,1616,705,217,204,343,752,1056,1124,1075,894,995,1168,966,885
"2015","합계",도봉구,9292,123,508,1033,1600,417,97,157,226,459,683,647,542,377,528,664,607,624
"2015","합계",노원구,23942,289,768,1499,2833,1409,571,407,634,1142,1794,2048,2198,1652,1616,1873,1514,1695
"2015","합계",은평구,14685,199,693,1294,2236,811,222,184,375,737,994,1080,959,743,1098,1152,976,932
"2015","합계",서대문구,6822,431,218,546,893,292,98,86,120,277,447,507,460,383,474,551,510,529
"2015","합계",마포구,7343,114,205,446,832,419,168,110,157,341,519,623,564,485,550,670,527,613
"2015","합계",양천구,9924,151,542,1017,1608,406,138,148,270,500,668,683,656,506,628,695,661,647
"2015","합계",강서구,19451,206,481,964,1932,1180,463,326,470,867,1503,1870,1920,1466,1353,1465,1378,1607
"2015","합계",구로구,7933,108,400,740,1171,365,106,106,151,357,515,557,563,406,520,650,657,561
"2015","합계",금천구,9129,131,409,788,1234,461,128,114,183,450,685,759,698,568,616,747,597,561
"2015","합계",영등포구,8034,45,232,537,1013,262,65,93,164,294,583,663,745,613,805,745,588,587
"2015","합계",동작구,6659,86,198,357,660,357,121,122,199,319,487,537,543,408,514,617,549,585
"2015","합계",관악구,11800,137,363,692,1356,672,305,160,285,624,905,1056,991,751,873,944,843,843
"2015","합계",서초구,4514,103,179,336,591,309,124,86,129,175,335,324,371,280,276,344,238,314
"2015","합계",강남구,10704,279,331,598,1233,661,264,218,269,441,664,929,1011,812,842,823,622,707
"2015","합계",송파구,8571,105,405,903,1464,468,124,122,198,397,553,689,639,457,543,561,452,491
"2015","합계",강동구,8955,104,422,734,1373,438,128,128,224,429,691,721,668,524,631,614,539,587
"2016","합계",소계,255226,3310,10184,20342,34411,12419,4456,3499,5730,10525,17689,19751,21373,17905,18007,19414,17746,18465
"2016","합계",종로구,3517,20,115,203,361,98,32,38,57,120,234,275,332,308,330,397,302,295
"2016","합계",중구,3866,25,113,217,386,88,33,39,77,146,236,303,370,358,387,367,344,377
"2016","합계",용산구,5712,43,173,374,604,149,63,58,118,215,399,482,529,535,507,510,483,470
"2016","합계",성동구,7100,66,268,542,963,377,105,79,137,275,549,576,636,469,498,538,523,499
"2016","합계",광진구,7503,85,363,775,1287,354,115,96,160,323,583,553,574,453,448,468,399,467
"2016","합계",동대문구,11345,116,434,807,1366,443,175,130,226,429,715,893,971,927,946,1046,914,807
"2016","합계",중랑구,14703,160,759,1539,2378,547,186,204,313,589,993,1043,1197,960,996,1015,874,950
"2016","합계",성북구,12386,155,493,1047,1716,611,214,149,266,554,863,923,978,874,839,923,914,867
"2016","합계",강북구,15039,170,648,1253,2115,712,256,190,349,712,1089,1164,1179,1010,994,1168,1013,1017
"2016","합계",도봉구,10069,124,535,1103,1643,485,142,156,256,451,773,689,659,512,556,635,676,674
"2016","합계",노원구,24088,297,765,1481,2838,1385,598,384,613,1037,1787,1977,2271,1816,1608,1779,1669,1783
"2016","합계",은평구,15333,186,726,1505,2384,819,246,188,333,686,1023,1034,1074,830,1066,1140,1041,1052
"2016","합계",서대문구,7089,367,238,581,944,341,126,80,125,235,443,517,528,429,478,544,552,561
"2016","합계",마포구,7378,118,217,457,844,405,133,129,152,307,538,575,614,536,526,642,532,653
"2016","합계",양천구,10306,125,560,1066,1688,444,156,130,263,448,678,721,756,594,636,686,670,685
"2016","합계",강서구,20601,199,645,1298,2308,1126,440,327,477,782,1425,1795,2010,1677,1379,1492,1490,1731
"2016","합계",구로구,8178,97,387,767,1150,363,117,104,164,330,528,558,612,506,556,656,654,629
"2016","합계",금천구,9229,119,403,735,1202,429,134,106,203,379,690,768,796,643,651,731,635,605
"2016","합계",영등포구,7516,58,198,477,870,240,66,68,146,267,528,607,736,639,770,683,580,583
"2016","합계",동작구,7573,78,266,609,1029,351,130,120,183,293,497,526,591,497,538,646,596,623
"2016","합계",관악구,12597,131,445,837,1563,703,290,169,299,596,889,1069,1063,902,907,933,891,910
"2016","합계",서초구,4673,98,230,342,614,296,112,90,127,169,327,329,382,334,284,334,265,340
"2016","합계",강남구,10885,242,347,632,1222,682,276,200,263,391,651,870,1040,926,856,860,676,751
"2016","합계",송파구,9046,118,431,892,1536,498,148,137,180,371,568,707,712,536,607,599,479,527
"2016","합계",강동구,9494,113,425,803,1400,473,163,128,243,420,683,797,763,634,644,622,574,609
"2017","합계",소계,251809,3004,8947,18276,29783,12190,4657,3334,5578,9686,17290,19750,22636,19767,18848,19099,19267,19697
"2017","합계",종로구,3620,15,88,181,320,96,36,41,48,118,215,307,361,359,375,378,360,322
"2017","합계",중구,3857,29,96,217,322,102,33,33,74,149,225,315,385,367,404,353,364,389
"2017","합계",용산구,5688,51,150,326,515,174,62,56,121,194,386,473,580,551,523,509,491,526
"2017","합계",성동구,6889,57,201,499,788,346,118,64,120,236,529,573,667,558,527,526,530,550
"2017","합계",광진구,7337,77,313,688,1104,374,122,73,152,304,588,565,610,496,486,470,433,482
"2017","합계",동대문구,11079,102,344,736,1166,413,178,143,215,370,698,891,1023,994,974,985,976,871
"2017","합계",중랑구,14734,154,676,1368,2081,562,218,179,334,557,1028,1115,1278,1123,1064,1027,950,1020
"2017","합계",성북구,11952,161,410,977,1484,595,221,139,234,497,796,903,969,927,828,927,948,936
"2017","합계",강북구,14669,147,554,1083,1798,705,291,174,322,632,1111,1150,1261,1073,1008,1122,1110,1128
"2017","합계",도봉구,10344,149,478,994,1519,526,179,148,264,443,797,741,744,643,602,651,726,740
"2017","합계",노원구,23464,254,687,1350,2401,1324,594,364,600,905,1713,1933,2296,1924,1712,1689,1854,1864
"2017","합계",은평구,15230,171,653,1357,2141,793,279,176,318,633,1053,1036,1151,982,1082,1154,1104,1147
"2017","합계",서대문구,7118,357,222,528,843,309,120,79,124,235,446,494,590,508,501,532,628,602
"2017","합계",마포구,7131,88,195,378,725,372,146,130,150,291,482,553,666,542,556,600,592,665
"2017","합계",양천구,10065,111,471,941,1467,465,154,137,247,414,630,709,816,705,685,676,697,740
"2017","합계",강서구,20322,174,554,1133,2018,1062,445,302,469,722,1372,1722,2086,1840,1525,1502,1604,1792
"2017","합계",구로구,7985,85,328,701,930,324,118,108,169,311,493,578,651,572,590,660,686,681
"2017","합계",금천구,9079,93,339,683,1059,429,143,108,194,332,659,800,840,681,676,692,713,638
"2017","합계",영등포구,7291,41,155,402,684,258,72,69,142,280,486,625,759,695,755,641,641,586
"2017","합계",동작구,7606,76,252,537,882,366,130,114,183,285,509,568,645,533,575,625,673,653
"2017","합계",관악구,12759,123,422,810,1357,701,272,193,302,539,906,1039,1205,1008,894,1015,969,1004
"2017","합계",서초구,4692,72,251,309,560,276,119,89,112,178,313,356,387,367,329,332,291,351
"2017","합계",강남구,10564,223,301,571,1031,630,276,177,278,367,602,825,1028,996,878,846,756,779
"2017","합계",송파구,9167,101,435,794,1434,520,164,129,188,342,617,689,783,640,629,594,523,585
"2017","합계",강동구,9167,93,372,713,1154,468,167,109,218,352,636,790,855,683,670,593,648,646
"2018","합계",소계,277991,3156,8622,17188,26780,12719,5347,3933,6592,10073,18145,21824,25010,24277,22625,22593,23029,26078
"2018","합계",종로구,3801,24,61,175,272,109,42,42,53,117,210,339,374,411,398,401,411,362
"2018","합계",중구,4153,28,87,189,300,103,47,40,73,140,229,307,441,430,460,407,402,470
"2018","합계",용산구,6258,47,145,298,503,172,69,68,138,223,399,518,641,634,636,588,542,637
"2018","합계",성동구,7725,58,197,453,748,352,134,94,134,242,518,650,771,672,631,637,630,804
"2018","합계",광진구,8641,97,330,677,961,438,155,111,206,328,652,698,727,727,662,611,552,709
"2018","합계",동대문구,12227,105,333,693,1056,417,201,165,255,369,695,981,1160,1186,1156,1078,1179,1198
"2018","합계",중랑구,16559,188,689,1283,1900,646,257,229,431,590,1099,1296,1447,1440,1322,1291,1154,1297
"2018","합계",성북구,12468,154,389,868,1336,574,234,149,273,455,805,944,1021,1024,985,981,1078,1198
"2018","합계",강북구,15901,157,521,1046,1545,711,324,189,382,588,1143,1269,1405,1310,1251,1303,1346,1411
"2018","합계",도봉구,11178,124,472,940,1367,558,217,140,289,444,795,860,842,789,711,753,829,1048
"2018","합계",노원구,25285,260,670,1303,2200,1323,632,423,627,980,1677,2125,2379,2246,1959,1990,2192,2299
"2018","합계",은평구,17699,215,619,1191,1927,893,351,234,459,726,1213,1273,1365,1335,1335,1459,1443,1661
"2018","합계",서대문구,8070,337,233,513,786,358,151,100,169,257,489,548,670,665,609,635,729,821
"2018","합계",마포구,7891,115,202,370,666,399,172,127,178,273,510,578,692,695,660,725,712,817
"2018","합계",양천구,11803,132,443,935,1370,535,209,169,289,500,722,824,979,928,892,873,922,1081
"2018","합계",강서구,21827,195,537,1090,1749,972,487,330,532,721,1314,1777,2235,2201,1831,1770,1844,2242
"2018","합계",구로구,8438,77,289,608,851,323,127,133,189,288,541,616,692,677,665,723,759,880
"2018","합계",금천구,9441,97,303,606,909,416,165,125,194,313,639,844,883,785,778,741,818,825
"2018","합계",영등포구,7984,53,138,368,560,277,73,96,150,246,531,684,818,837,828,784,763,778
"2018","합계",동작구,8918,75,265,513,820,432,158,133,252,341,596,620,762,722,714,792,804,919
"2018","합계",관악구,14025,134,381,770,1171,718,306,233,341,543,960,1103,1294,1222,1080,1171,1186,1412
"2018","합계",서초구,5289,69,233,287,510,285,126,99,129,195,352,403,442,463,416,424,371,485
"2018","합계",강남구,10878,163,268,511,897,585,282,175,290,378,601,827,1029,1125,979,970,874,924
"2018","합계",송파구,11613,158,477,829,1350,663,246,206,312,460,798,909,991,917,865,777,737,918
"2018","합계",강동구,9919,94,340,672,1026,460,182,123,247,356,657,831,950,836,802,709,752,882
"2019","합계",소계,306548,3412,8761,15939,23954,12944,6025,4791,7433,10938,19189,23853,27806,28826,27362,26421,26283,32611
"2019","합계",종로구,4122,34,52,156,229,124,52,62,75,111,241,328,464,472,482,402,412,426
"2019","합계",중구,4499,26,88,169,266,115,50,48,84,136,229,323,474,492,550,476,429,544
"2019","합계",용산구,6706,42,137,274,439,186,83,88,143,241,425,535,697,708,720,637,606,745
"2019","합계",성동구,8366,73,198,422,633,356,133,112,152,260,544,734,792,814,737,731,730,945
"2019","합계",광진구,9609,102,324,615,825,454,188,135,232,363,687,842,897,936,811,694,674,830
"2019","합계",동대문구,13017,112,320,650,909,380,205,174,257,416,727,1009,1262,1359,1340,1237,1265,1395
"2019","합계",중랑구,19332,232,701,1248,1652,742,343,270,488,719,1247,1536,1763,1834,1731,1577,1461,1788
"2019","합계",성북구,13326,129,421,782,1184,564,242,178,286,449,852,991,1135,1186,1156,1095,1160,1516
"2019","합계",강북구,17446,151,547,947,1390,701,346,232,386,630,1154,1431,1570,1560,1517,1517,1607,1760
"2019","합계",도봉구,11902,125,441,801,1242,531,247,170,321,467,811,960,941,962,854,861,920,1248
"2019","합계",노원구,27175,262,696,1261,1983,1300,629,462,678,1039,1677,2261,2486,2563,2273,2301,2465,2839
"2019","합계",은평구,18991,198,593,1092,1745,887,425,284,439,731,1272,1382,1516,1583,1546,1657,1581,2060
"2019","합계",서대문구,8695,320,214,443,724,343,156,111,185,275,499,619,743,739,751,734,802,1037
"2019","합계",마포구,8629,123,196,371,602,405,176,151,205,294,509,651,750,774,782,811,801,1028
"2019","합계",양천구,13508,150,445,922,1267,608,265,214,328,531,818,930,1132,1143,1121,1069,1077,1488
"2019","합계",강서구,23721,214,574,1063,1529,966,534,408,621,779,1327,1787,2311,2521,2242,2038,2076,2731
"2019","합계",구로구,9876,134,334,562,808,382,171,190,259,350,628,681,803,798,818,903,901,1154
"2019","합계",금천구,10154,128,285,513,777,429,190,125,212,316,627,888,986,947,880,887,926,1038
"2019","합계",영등포구,8868,74,150,325,523,266,104,114,188,277,527,728,950,962,993,899,839,949
"2019","합계",동작구,10235,95,267,459,759,461,197,175,297,381,664,723,853,900,880,955,942,1227
"2019","합계",관악구,15835,150,392,664,1095,726,340,317,420,588,1048,1220,1503,1475,1399,1366,1373,1759
"2019","합계",서초구,5846,63,251,295,461,254,146,115,150,212,360,446,492,564,528,493,415,601
"2019","합계",강남구,12290,184,294,493,798,607,306,212,359,422,689,897,1109,1317,1196,1184,1070,1153
"2019","합계",송파구,13123,176,484,813,1176,681,299,250,385,530,888,1023,1095,1153,1069,1011,878,1212
"2019","합계",강동구,11277,115,357,599,938,476,198,194,283,421,739,928,1082,1064,986,886,873,1138
"2020","합계",소계,359244,3841,9307,16563,23428,15266,7786,6802,9376,13474,22179,28965,32544,35917,34008,30620,29592,39576
"2020","합계",종로구,4623,22,61,164,207,114,65,77,95,132,263,377,543,573,566,432,450,482
"2020","합계",중구,5185,28,93,179,247,121,72,75,90,143,273,383,500,601,679,554,501,646
"2020","합계",용산구,8017,59,163,289,436,244,139,144,210,312,512,706,825,863,844,694,686,891
"2020","합계",성동구,9594,58,196,377,619,421,195,148,199,278,571,841,933,1062,883,820,850,1143
"2020","합계",광진구,11795,123,354,631,832,606,323,256,331,485,824,1085,1152,1233,1055,832,725,948
"2020","합계",동대문구,14856,135,319,688,843,483,236,248,306,504,824,1139,1419,1674,1600,1439,1360,1639
"2020","합계",중랑구,24293,269,766,1207,1647,930,551,367,632,966,1501,2032,2236,2470,2264,1887,1894,2674
"2020","합계",성북구,15238,181,441,842,1169,637,303,235,393,565,959,1182,1304,1432,1378,1215,1261,1741
"2020","합계",강북구,19581,172,541,954,1330,792,399,317,447,690,1255,1611,1809,1888,1852,1703,1777,2044
"2020","합계",도봉구,13600,133,462,839,1184,579,304,225,409,550,945,1123,1084,1194,1093,988,997,1491
"2020","합계",노원구,30368,254,746,1316,1847,1482,704,552,756,1174,1895,2536,2737,2978,2722,2621,2703,3345
"2020","합계",은평구,22465,243,643,1130,1735,1102,547,390,565,878,1487,1802,1802,1977,1942,1914,1845,2463
"2020","합계",서대문구,10111,249,226,442,707,429,218,176,242,328,599,766,861,914,922,901,874,1257
"2020","합계",마포구,9917,250,198,362,582,466,195,212,244,346,593,768,852,906,921,875,924,1223
"2020","합계",양천구,15794,171,439,949,1236,721,341,294,406,604,980,1201,1342,1447,1404,1288,1213,1758
"2020","합계",강서구,27358,245,656,1099,1518,1109,640,522,740,989,1434,2057,2514,3037,2733,2384,2341,3340
"2020","합계",구로구,11850,171,402,633,853,435,218,262,357,452,749,858,945,1037,1019,1050,1011,1398
"2020","합계",금천구,11308,116,288,535,761,463,210,171,241,369,684,981,1133,1142,1046,960,964,1244
"2020","합계",영등포구,10458,79,186,337,526,321,133,159,242,372,594,869,1102,1200,1240,1047,916,1135
"2020","합계",동작구,12049,110,257,458,706,541,295,296,367,448,758,905,1020,1164,1122,1095,1031,1476
"2020","합계",관악구,20128,181,442,755,1103,904,487,592,627,802,1319,1627,1869,1969,1893,1632,1649,2277
"2020","합계",서초구,6648,66,234,344,444,300,172,135,183,285,383,542,565,661,654,565,451,664
"2020","합계",강남구,14061,196,291,489,792,634,345,316,447,547,816,1043,1277,1550,1446,1357,1182,1333
"2020","합계",송파구,15702,202,534,831,1132,811,394,373,466,669,1052,1317,1385,1492,1377,1218,987,1462
"2020","합계",강동구,14245,128,369,713,972,621,300,260,381,586,909,1214,1335,1453,1353,1149,1000,1502
"2021","합계",소계,392527,3583,9080,16414,21959,15725,8786,7930,10146,14818,22458,31889,34895,41155,41271,33765,31860,46793
"2021","합계",종로구,5009,26,56,144,207,105,70,75,102,144,231,406,532,658,646,505,476,626
"2021","합계",중구,5793,31,100,190,228,142,72,90,103,152,289,428,555,660,818,629,536,770
"2021","합계",용산구,8631,61,163,285,390,289,155,169,215,319,505,790,902,980,943,746,704,1015
"2021","합계",성동구,10107,57,181,350,532,383,204,158,195,320,506,876,955,1197,1062,882,941,1308
"2021","합계",광진구,13188,116,346,618,795,631,369,311,403,543,834,1259,1285,1500,1306,945,791,1136
"2021","합계",동대문구,16022,132,328,633,775,544,267,285,338,533,831,1228,1512,1855,1946,1533,1378,1904
"2021","합계",중랑구,26582,265,741,1225,1615,967,600,467,681,1060,1618,2257,2472,2878,2764,2102,1906,2964
"2021","합계",성북구,16340,160,431,798,1064,645,372,273,392,592,974,1319,1327,1640,1660,1287,1334,2072
"2021","합계",강북구,21656,147,533,952,1239,854,456,387,500,770,1274,1829,2007,2206,2148,1979,1902,2473
"2021","합계",도봉구,15090,148,415,853,1113,642,335,298,412,639,962,1312,1210,1380,1354,1078,1120,1819
"2021","합계",노원구,31884,218,682,1265,1677,1370,730,560,745,1176,1833,2570,2749,3242,3218,2861,2852,4136
"2021","합계",은평구,23829,207,612,1078,1603,1146,580,452,564,914,1458,1944,1942,2205,2244,2005,1990,2885
"2021","합계",서대문구,11364,231,234,433,663,450,244,218,270,378,630,871,947,1071,1150,961,970,1643
"2021","합계",마포구,10763,188,169,387,547,469,229,210,276,374,631,852,900,1045,1108,961,1012,1405
"2021","합계",양천구,17205,178,449,892,1117,711,423,339,455,659,1034,1291,1399,1691,1716,1470,1346,2035
"2021","합계",강서구,30518,270,709,1140,1494,1165,731,615,807,1096,1505,2197,2693,3374,3504,2719,2509,3990
"2021","합계",구로구,13382,167,398,659,854,489,237,282,410,518,757,1013,1045,1243,1306,1164,1146,1694
"2021","합계",금천구,12302,124,283,519,687,469,254,239,248,413,657,1068,1194,1379,1267,1041,1009,1451
"2021","합계",영등포구,11339,76,200,319,482,328,178,165,262,414,559,922,1146,1367,1422,1198,964,1337
"2021","합계",동작구,12867,79,247,447,655,528,340,348,384,489,752,990,1041,1283,1359,1161,1085,1679
"2021","합계",관악구,22555,178,435,801,1017,973,615,727,744,974,1344,1881,2068,2361,2286,1793,1751,2607
"2021","합계",서초구,7263,57,232,361,405,322,199,128,185,314,416,636,619,760,759,584,528,758
"2021","합계",강남구,15237,147,269,481,747,659,372,380,491,638,830,1169,1312,1679,1770,1449,1278,1566
"2021","합계",송파구,17388,192,490,857,1104,808,409,415,538,720,1063,1446,1555,1757,1729,1385,1185,1735
"2021","합계",강동구,16213,128,377,727,949,636,345,339,426,669,965,1335,1528,1744,1786,1327,1147,1785
"2022","합계",소계,402664,3127,8396,15524,20706,14714,8731,8373,9691,14938,21351,32100,35036,42973,44966,36604,32741,52693
"2022","합계",종로구,5195,20,51,149,190,95,77,89,103,143,233,390,565,674,718,527,466,705
"2022","합계",중구,6035,24,80,163,225,144,72,97,94,162,257,423,558,733,836,704,567,896
"2022","합계",용산구,8837,47,136,253,390,265,147,188,186,349,464,801,850,1062,1033,795,722,1149
"2022","합계",성동구,10026,38,153,292,465,347,215,181,167,283,464,816,905,1219,1177,926,912,1466
"2022","합계",광진구,13446,108,294,609,783,564,346,348,351,538,804,1245,1342,1575,1431,1009,835,1264
"2022","합계",동대문구,16156,102,288,567,731,496,281,265,328,505,790,1231,1447,1890,2075,1619,1397,2144
"2022","합계",중랑구,27468,246,699,1165,1501,922,606,495,648,1086,1526,2364,2598,3091,3050,2366,1891,3214
"2022","합계",성북구,16832,158,397,753,1055,623,350,279,387,594,954,1353,1400,1644,1784,1447,1337,2317
"2022","합계",강북구,22602,159,471,914,1179,809,463,425,497,761,1235,1870,2040,2353,2379,2097,2003,2947
"2022","합계",도봉구,15883,147,413,800,1021,626,386,318,384,679,966,1369,1271,1475,1539,1216,1160,2113
"2022","합계",노원구,31820,190,626,1144,1563,1204,717,582,686,1128,1666,2467,2640,3312,3325,3066,2836,4668
"2022","합계",은평구,24365,204,560,1019,1444,1120,589,503,530,901,1346,1937,1989,2326,2460,2161,2019,3257
"2022","합계",서대문구,11661,146,230,432,615,467,239,239,263,379,584,894,944,1129,1266,1002,983,1849
"2022","합계",마포구,10910,132,147,354,521,441,228,206,273,370,631,829,892,1078,1142,1039,1036,1591
"2022","합계",양천구,17477,157,405,834,1054,634,399,339,407,657,977,1291,1411,1779,1867,1585,1403,2278
"2022","합계",강서구,31227,237,660,1073,1445,1094,710,631,733,1133,1400,2206,2561,3532,3748,3015,2659,4390
"2022","합계",구로구,14363,157,394,662,849,496,274,317,419,573,750,1050,1090,1325,1508,1333,1218,1948
"2022","합계",금천구,12964,125,274,492,659,439,268,242,279,430,618,1071,1287,1519,1446,1104,1054,1657
"2022","합계",영등포구,11603,59,188,302,423,313,180,195,242,392,553,919,1121,1379,1502,1297,1005,1533
"2022","합계",동작구,12989,78,229,417,592,486,303,337,361,499,668,1036,1026,1326,1409,1225,1158,1839
"2022","합계",관악구,22946,139,444,759,973,848,571,755,729,990,1306,1912,2058,2435,2493,1891,1741,2902
"2022","합계",서초구,7523,57,183,387,373,325,201,160,202,295,411,624,619,791,871,653,547,824
"2022","합계",강남구,15532,106,237,464,695,618,375,367,464,684,787,1147,1287,1649,1936,1585,1330,1801
"2022","합계",송파구,17773,170,461,822,1058,744,405,423,527,743,1016,1482,1535,1778,1957,1474,1290,1888
"2022","합계",강동구,17031,121,376,698,902,594,329,392,431,664,945,1373,1600,1899,2014,1468,1172,2053
"2023","합계",소계,417935,2902,7953,14968,20089,14413,8957,8870,9987,15741,20328,31865,36372,44650,49199,39207,35365,57069
"2023","합계",종로구,5290,20,49,119,170,104,76,93,108,141,214,365,570,672,789,543,486,771
"2023","합계",중구,6178,30,71,149,215,130,79,91,95,165,231,432,514,771,866,771,599,969
"2023","합계",용산구,9042,55,131,229,366,262,151,176,216,338,440,806,857,1125,1095,829,734,1232
"2023","합계",성동구,10354,38,148,280,456,351,194,186,199,294,443,761,944,1268,1276,980,932,1604
"2023","합계",광진구,13948,96,282,581,763,546,365,363,376,563,757,1196,1415,1632,1597,1077,916,1423
"2023","합계",동대문구,16345,93,295,521,691,478,257,259,333,523,701,1189,1462,1908,2176,1706,1465,2288
"2023","합계",중랑구,28494,232,645,1139,1438,952,634,514,634,1099,1426,2376,2758,3316,3369,2510,2054,3398
"2023","합계",성북구,17546,147,398,698,1063,599,366,315,363,639,890,1388,1448,1731,1971,1579,1437,2514
"2023","합계",강북구,23803,184,462,874,1109,759,486,474,505,838,1126,1836,2201,2489,2602,2317,2154,3387
"2023","합계",도봉구,16857,135,392,783,1025,629,379,350,386,684,974,1391,1432,1575,1785,1333,1257,2347
"2023","합계",노원구,32168,154,570,1063,1492,1182,688,591,689,1133,1580,2375,2681,3238,3582,3149,3037,4964
"2023","합계",은평구,25217,202,543,989,1362,1075,626,537,589,939,1248,1956,2049,2374,2723,2307,2152,3546
"2023","합계",서대문구,12020,111,215,390,566,482,278,251,265,414,527,902,985,1179,1331,1050,1041,2033
"2023","합계",마포구,11115,85,153,332,469,428,282,228,283,415,585,838,908,1125,1235,1097,1125,1527
"2023","합계",양천구,18562,147,405,790,1095,663,392,357,434,670,970,1317,1500,1867,2117,1734,1513,2591
"2023","합계",강서구,32460,214,608,1089,1466,1050,694,687,740,1194,1381,2169,2571,3575,4076,3298,2936,4712
"2023","합계",구로구,15263,156,395,682,817,528,273,331,440,632,738,1085,1164,1371,1649,1499,1338,2165
"2023","합계",금천구,13728,119,274,476,659,441,281,273,293,463,580,1047,1353,1675,1595,1234,1142,1823
"2023","합계",영등포구,11955,39,150,284,432,294,203,195,245,402,496,884,1169,1421,1646,1311,1144,1640
"2023","합계",동작구,13224,71,206,412,563,417,298,353,362,552,662,995,1041,1312,1540,1273,1210,1957
"2023","합계",관악구,24002,145,382,737,972,761,591,813,778,1099,1261,1899,2124,2654,2735,2041,1907,3103
"2023","합계",서초구,7846,67,159,373,362,321,204,176,204,327,381,640,652,783,996,696,615,890
"2023","합계",강남구,15856,76,218,455,667,578,378,380,452,712,793,1148,1293,1659,2032,1626,1464,1925
"2023","합계",송파구,18722,159,439,845,999,783,428,468,535,792,1026,1479,1626,1902,2167,1608,1404,2062
"2023","합계",강동구,17940,127,363,678,872,600,354,409,463,713,898,1391,1655,2028,2249,1639,1303,2198
"2024","합계",소계,434287,2774,7565,14469,19337,14522,9665,9854,10484,15651,20421,31172,37278,45367,53206,42663,38299,61560
"2024","합계",종로구,5605,20,56,123,187,125,80,118,117,152,223,374,563,703,865,573,510,816
"2024","합계",중구,6331,29,74,132,197,128,81,90,114,158,218,411,533,738,929,828,641,1030
"2024","합계",용산구,8744,52,111,220,318,242,167,208,207,333,425,693,863,1057,1087,853,715,1193
"2024","합계",성동구,10497,38,133,270,421,330,205,199,209,300,419,709,971,1226,1341,1036,997,1693
"2024","합계",광진구,14697,99,261,554,752,538,432,406,412,598,769,1160,1468,1672,1801,1219,972,1584
"2024","합계",동대문구,16762,75,295,487,692,445,273,288,340,479,703,1144,1444,1906,2326,1874,1557,2434
"2024","합계",중랑구,29794,215,627,1114,1369,1019,663,627,660,1058,1462,2284,2843,3436,3814,2758,2243,3602
"2024","합계",성북구,18130,148,389,687,979,639,394,340,403,619,877,1366,1487,1824,2081,1641,1550,2706
"2024","합계",강북구,25010,179,438,860,1064,774,514,482,525,848,1148,1800,2259,2605,2912,2541,2362,3699
"2024","합계",도봉구,17914,147,398,796,994,663,413,425,420,680,954,1402,1546,1635,2015,1486,1362,2578
"2024","합계",노원구,32542,150,481,1001,1389,1150,732,608,692,1087,1538,2247,2712,3239,3741,3277,3239,5259
"2024","합계",은평구,26401,199,512,957,1351,1119,651,606,592,939,1271,1983,2159,2465,2950,2442,2331,3874
"2024","합계",서대문구,12272,96,208,378,535,477,289,281,260,406,505,866,1014,1206,1367,1156,1130,2098
"2024","합계",마포구,11969,69,152,303,457,437,307,269,310,396,589,865,995,1131,1303,1185,1196,2005
"2024","합계",양천구,19469,143,364,747,1061,694,433,391,475,676,955,1364,1531,1904,2312,1922,1701,2796
"2024","합계",강서구,33690,203,587,1062,1384,1064,769,745,800,1214,1426,2105,2596,3454,4407,3677,3163,5034
"2024","합계",구로구,16352,159,390,700,821,572,301,414,431,646,763,1124,1224,1466,1815,1625,1533,2368
"2024","합계",금천구,14460,102,283,464,647,422,301,327,319,467,587,1028,1392,1764,1809,1363,1236,1949
"2024","합계",영등포구,12276,43,130,259,408,301,224,233,260,394,522,836,1137,1430,1736,1419,1223,1721
"2024","합계",동작구,13324,67,198,390,509,405,300,348,371,510,655,961,1046,1262,1624,1311,1293,2074
"2024","합계",관악구,25204,133,365,721,935,775,664,858,864,1088,1311,1899,2184,2757,2927,2289,2058,3376
"2024","합계",서초구,8046,65,144,348,363,308,213,198,204,319,380,599,670,769,1052,774,689,951
"2024","합계",강남구,16396,78,184,429,651,594,380,425,443,740,817,1126,1309,1658,2170,1715,1595,2082
"2024","합계",송파구,19449,135,433,813,1011,722,462,511,551,798,1011,1459,1684,1933,2354,1792,1521,2259
"2024","합계",강동구,18953,130,352,654,842,579,417,457,505,746,893,1367,1648,2127,2468,1907,1482,2379
